store_id,units_promo_mean,units_nonpromo_mean,units_uplift_pct,revenue_promo_mean,revenue_nonpromo_mean,revenue_uplift_pct
A,21.0,12.333333333333334,70.27027027027026,213.33333333333334,113.33333333333333,88.23529411764707
B,7.5,5.5,36.36363636363637,90.0,55.0,63.63636363636363
